[
    {
        "ID":  1,
        "SiteCode":  "CBLF",
        "SiteSubnet":  "10.101.0.0",
        "SiteSubnetCode":  "101",
        "SiteName":  "Belfast",
        "SiteAddress":  "760 Belfast Road, Ottawa ON K1G 6M8",
        "MainContactName":  "Nawriz Al-Ali",
        "MainContactPhone":  "+1 (343) 996-5965",
        "SecondContactName":  "",
        "SecondContactPhone":  "",
        "MainContactPhoneFormatted":  "+1 (343) 996-5965",
        "SecondContactPhoneFormatted":  "",
        "SwitchCount":  6,
        "Switches":  [
                         {
                             "ManagementIP":  "10.101.20.5",
                             "Name":  "CBLF-SWT-001",
                             "AssetTag":  "",
                             "Version":  "",
                             "SerialNumber":  ""
                         },
                         {
                             "ManagementIP":  "10.101.20.6",
                             "Name":  "CBLF-SWT-002",
                             "AssetTag":  "",
                             "Version":  "",
                             "SerialNumber":  ""
                         },
                         {
                             "ManagementIP":  "10.101.20.7",
                             "Name":  "CBLF-SWT-003",
                             "AssetTag":  "",
                             "Version":  "",
                             "SerialNumber":  ""
                         },
                         {
                             "ManagementIP":  "10.101.20.8",
                             "Name":  "CBLF-SWT-004",
                             "AssetTag":  "",
                             "Version":  "",
                             "SerialNumber":  ""
                         },
                         {
                             "ManagementIP":  "10.101.20.9",
                             "Name":  "CBLF-SWT-005",
                             "AssetTag":  "",
                             "Version":  "",
                             "SerialNumber":  ""
                         },
                         {
                             "ManagementIP":  "10.101.20.10",
                             "Name":  "CBLF-SWT-006",
                             "AssetTag":  "",
                             "Version":  "",
                             "SerialNumber":  ""
                         }
                     ],
        "APCount":  6,
        "AccessPoints":  [
                             {
                                 "ManagementIP":  "10.101.20.100",
                                 "Name":  "CBLF-AP-001",
                                 "AssetTag":  "",
                                 "Version":  "",
                                 "SerialNumber":  ""
                             },
                             {
                                 "ManagementIP":  "10.101.20.101",
                                 "Name":  "CBLF-AP-002",
                                 "AssetTag":  "",
                                 "Version":  "",
                                 "SerialNumber":  ""
                             },
                             {
                                 "ManagementIP":  "10.101.20.102",
                                 "Name":  "CBLF-AP-003",
                                 "AssetTag":  "",
                                 "Version":  "",
                                 "SerialNumber":  ""
                             },
                             {
                                 "ManagementIP":  "10.101.20.103",
                                 "Name":  "CBLF-AP-004",
                                 "AssetTag":  "",
                                 "Version":  "",
                                 "SerialNumber":  ""
                             },
                             {
                                 "ManagementIP":  "10.101.20.104",
                                 "Name":  "CBLF-AP-005",
                                 "AssetTag":  "",
                                 "Version":  "",
                                 "SerialNumber":  ""
                             },
                             {
                                 "ManagementIP":  "10.101.20.105",
                                 "Name":  "CBLF-AP-006",
                                 "AssetTag":  "",
                                 "Version":  "",
                                 "SerialNumber":  ""
                             }
                         ],
        "UPSCount":  3,
        "UPSDevices":  [
                           {
                               "ManagementIP":  "10.101.102.100",
                               "Name":  "CBLF-UPS-001",
                               "AssetTag":  "",
                               "Version":  "",
                               "SerialNumber":  ""
                           },
                           {
                               "ManagementIP":  "10.101.102.101",
                               "Name":  "CBLF-UPS-002",
                               "AssetTag":  "",
                               "Version":  "",
                               "SerialNumber":  ""
                           },
                           {
                               "ManagementIP":  "10.101.102.102",
                               "Name":  "CBLF-UPS-003",
                               "AssetTag":  "",
                               "Version":  "",
                               "SerialNumber":  ""
                           }
                       ],
        "CCTVCount":  5,
        "CCTVDevices":  [
                            {
                                "ManagementIP":  "10.101.110.50",
                                "Name":  "CBLF-CAM-001",
                                "SerialNumber":  ""
                            },
                            {
                                "ManagementIP":  "10.101.110.51",
                                "Name":  "CBLF-CAM-002",
                                "SerialNumber":  ""
                            },
                            {
                                "ManagementIP":  "10.101.110.52",
                                "Name":  "CBLF-CAM-003",
                                "SerialNumber":  ""
                            },
                            {
                                "ManagementIP":  "10.101.110.53",
                                "Name":  "CBLF-CAM-004",
                                "SerialNumber":  ""
                            },
                            {
                                "ManagementIP":  "10.101.110.54",
                                "Name":  "CBLF-CAM-005",
                                "SerialNumber":  ""
                            }
                        ],
        "FirewallIP":  "10.101.20.1",
        "FirewallName":  "CBLF-FW",
        "FirewallVersion":  "",
        "FirewallSN":  "",
        "PrimaryCircuit":  {
                               "Vendor":  "",
                               "CircuitType":  "",
                               "CircuitID":  "",
                               "DownloadSpeed":  "",
                               "UploadSpeed":  "",
                               "IPAddress":  "",
                               "SubnetMask":  "",
                               "DefaultGateway":  "",
                               "DNS1":  "",
                               "DNS2":  "",
                               "RouterModel":  "",
                               "RouterName":  "",
                               "RouterSN":  "",
                               "PPPoEUsername":  "",
                               "PPPoEPassword":  "",
                               "HasModem":  false,
                               "ModemModel":  "",
                               "ModemName":  "",
                               "ModemSN":  ""
                           },
        "HasBackupCircuit":  false,
        "BackupCircuit":  {
                              "Vendor":  null,
                              "CircuitType":  null,
                              "CircuitID":  null,
                              "DownloadSpeed":  null,
                              "UploadSpeed":  null,
                              "IPAddress":  null,
                              "SubnetMask":  null,
                              "DefaultGateway":  null,
                              "DNS1":  null,
                              "DNS2":  null,
                              "RouterModel":  null,
                              "RouterName":  null,
                              "RouterSN":  null,
                              "PPPoEUsername":  null,
                              "PPPoEPassword":  null,
                              "HasModem":  false,
                              "ModemModel":  null,
                              "ModemName":  null,
                              "ModemSN":  null
                          },
        "VLANs":  {
                      "VLAN100_Servers":  "10.101.10.0",
                      "VLAN101_NetworkDevices":  "10.101.20.0",
                      "VLAN102_UserDevices":  "10.101.102.0",
                      "VLAN103_UserDevices2":  "10.101.103.0",
                      "VLAN104_VOIP":  "10.101.40.0",
                      "VLAN105_WiFiCorp":  "10.101.50.0",
                      "VLAN106_WiFiBYOD":  "10.101.60.0",
                      "VLAN107_WiFiGuest":  "10.101.70.0",
                      "VLAN108_Spare":  "10.101.80.0",
                      "VLAN109_DMZ":  "10.101.90.0",
                      "VLAN110_CCTV":  "10.101.110.0"
                  },
        "Switch1IP":  "10.101.20.5",
        "Switch1Name":  "CBLF-SWT-001",
        "PrimaryVendor":  "",
        "PrimaryCircuitIP":  "",
        "PrimaryDownloadSpeed":  "",
        "PrimaryUploadSpeed":  "",
        "BackupVendor":  "",
        "BackupCircuitIP":  "",
        "BackupDownloadSpeed":  "",
        "BackupUploadSpeed":  ""
    },
    {
        "ID":  2,
        "SiteCode":  "CCAR",
        "SiteSubnet":  "10.102.0.0",
        "SiteSubnetCode":  "102",
        "SiteName":  "Carling",
        "SiteAddress":  "2576 Carling Ave, Ottawa, ON K2B 7H5",
        "MainContactName":  "Tammy Doxtator-Jones",
        "MainContactPhone":  "+1 (343) 999-7047",
        "SecondContactName":  "",
        "SecondContactPhone":  "",
        "MainContactPhoneFormatted":  "+1 (343) 999-7047",
        "SecondContactPhoneFormatted":  "",
        "SwitchCount":  1,
        "Switches":  [
                         {
                             "ManagementIP":  "10.102.20.5",
                             "Name":  "CCAR-SWT-001",
                             "AssetTag":  "",
                             "Version":  "",
                             "SerialNumber":  ""
                         }
                     ],
        "APCount":  2,
        "AccessPoints":  [
                             {
                                 "ManagementIP":  "10.102.20.100",
                                 "Name":  "CCAR-AP-001",
                                 "AssetTag":  "",
                                 "Version":  "",
                                 "SerialNumber":  ""
                             },
                             {
                                 "ManagementIP":  "10.102.20.101",
                                 "Name":  "CCAR-AP-002",
                                 "AssetTag":  "",
                                 "Version":  "",
                                 "SerialNumber":  ""
                             }
                         ],
        "UPSCount":  1,
        "UPSDevices":  [
                           {
                               "ManagementIP":  "10.102.102.100",
                               "Name":  "CCAR-UPS-001",
                               "AssetTag":  "",
                               "Version":  "",
                               "SerialNumber":  ""
                           }
                       ],
        "CCTVCount":  4,
        "CCTVDevices":  [
                            {
                                "ManagementIP":  "10.102.110.50",
                                "Name":  "CCAR-CAM-001",
                                "SerialNumber":  ""
                            },
                            {
                                "ManagementIP":  "10.102.110.51",
                                "Name":  "CCAR-CAM-002",
                                "SerialNumber":  ""
                            },
                            {
                                "ManagementIP":  "10.102.110.52",
                                "Name":  "CCAR-CAM-003",
                                "SerialNumber":  ""
                            },
                            {
                                "ManagementIP":  "10.102.110.53",
                                "Name":  "CCAR-CAM-004",
                                "SerialNumber":  ""
                            }
                        ],
        "FirewallIP":  "10.102.20.1",
        "FirewallName":  "CCAR-FW",
        "FirewallVersion":  "",
        "FirewallSN":  "",
        "PrimaryCircuit":  {
                               "Vendor":  "BELL",
                               "CircuitType":  "GPON Fiber",
                               "CircuitID":  "613-726-6742",
                               "DownloadSpeed":  "150",
                               "UploadSpeed":  "150",
                               "IPAddress":  "216.126.91.73",
                               "SubnetMask":  "255.255.255.255",
                               "DefaultGateway":  "",
                               "DNS1":  "",
                               "DNS2":  "",
                               "RouterModel":  "OV978WAX",
                               "RouterName":  "OvisLink",
                               "RouterSN":  "BR22503000183",
                               "PPPoEUsername":  "",
                               "PPPoEPassword":  "",
                               "HasModem":  false,
                               "ModemModel":  "",
                               "ModemName":  "",
                               "ModemSN":  ""
                           },
        "HasBackupCircuit":  false,
        "BackupCircuit":  {
                              "Vendor":  null,
                              "CircuitType":  null,
                              "CircuitID":  null,
                              "DownloadSpeed":  null,
                              "UploadSpeed":  null,
                              "IPAddress":  null,
                              "SubnetMask":  null,
                              "DefaultGateway":  null,
                              "DNS1":  null,
                              "DNS2":  null,
                              "RouterModel":  null,
                              "RouterName":  null,
                              "RouterSN":  null,
                              "PPPoEUsername":  null,
                              "PPPoEPassword":  null,
                              "HasModem":  false,
                              "ModemModel":  null,
                              "ModemName":  null,
                              "ModemSN":  null
                          },
        "VLANs":  {
                      "VLAN100_Servers":  "10.102.10.0",
                      "VLAN101_NetworkDevices":  "10.102.20.0",
                      "VLAN102_UserDevices":  "10.102.102.0",
                      "VLAN103_UserDevices2":  "10.102.103.0",
                      "VLAN104_VOIP":  "10.102.40.0",
                      "VLAN105_WiFiCorp":  "10.102.50.0",
                      "VLAN106_WiFiBYOD":  "10.102.60.0",
                      "VLAN107_WiFiGuest":  "10.102.70.0",
                      "VLAN108_Spare":  "10.102.80.0",
                      "VLAN109_DMZ":  "10.102.90.0",
                      "VLAN110_CCTV":  "10.102.110.0"
                  },
        "Switch1IP":  "10.102.20.5",
        "Switch1Name":  "CCAR-SWT-001",
        "PrimaryVendor":  "BELL",
        "PrimaryCircuitIP":  "216.126.91.73",
        "PrimaryDownloadSpeed":  "150",
        "PrimaryUploadSpeed":  "150",
        "BackupVendor":  "",
        "BackupCircuitIP":  "",
        "BackupDownloadSpeed":  "",
        "BackupUploadSpeed":  ""
    },
    {
        "ID":  3,
        "SiteCode":  "CRCH",
        "SiteSubnet":  "10.103.0.0",
        "SiteSubnetCode":  "103",
        "SiteName":  "Richmond",
        "SiteAddress":  "27 Nixon Farm Drive, Richmond ON, K0A 2Z0",
        "MainContactName":  "Jasmine Sears",
        "MainContactPhone":  "+1 (613) 617-2187",
        "SecondContactName":  "",
        "SecondContactPhone":  "",
        "MainContactPhoneFormatted":  "+1 (613) 617-2187",
        "SecondContactPhoneFormatted":  "",
        "SwitchCount":  1,
        "Switches":  [
                         {
                             "ManagementIP":  "10.103.20.5",
                             "Name":  "CRCH-SWT-001",
                             "AssetTag":  "",
                             "Version":  "",
                             "SerialNumber":  ""
                         }
                     ],
        "APCount":  1,
        "AccessPoints":  [
                             {
                                 "ManagementIP":  "",
                                 "Name":  "",
                                 "AssetTag":  "",
                                 "Version":  "",
                                 "SerialNumber":  ""
                             }
                         ],
        "UPSCount":  2,
        "UPSDevices":  [
                           {
                               "ManagementIP":  "10.103.102.100",
                               "Name":  "CRCH-UPS-001",
                               "AssetTag":  "",
                               "Version":  "",
                               "SerialNumber":  ""
                           },
                           {
                               "ManagementIP":  "10.103.102.101",
                               "Name":  "CRCH-UPS-002",
                               "AssetTag":  "",
                               "Version":  "",
                               "SerialNumber":  ""
                           }
                       ],
        "CCTVCount":  0,
        "CCTVDevices":  [

                        ],
        "FirewallIP":  "10.103.20.1",
        "FirewallName":  "CRCH-FW",
        "FirewallVersion":  "",
        "FirewallSN":  "",
        "PrimaryCircuit":  {
                               "Vendor":  "ROGERS",
                               "CircuitType":  "Cable",
                               "CircuitID":  "FRNEIN185616CA",
                               "DownloadSpeed":  "300",
                               "UploadSpeed":  "30",
                               "IPAddress":  "99.208.59.90",
                               "SubnetMask":  "255.255.255.252",
                               "DefaultGateway":  "99.208.59.89",
                               "DNS1":  "208.67.222.222",
                               "DNS2":  "208.67.220.220",
                               "RouterModel":  "CM8200A",
                               "RouterName":  "Arris",
                               "RouterSN":  "22A4JW698601383",
                               "PPPoEUsername":  "",
                               "PPPoEPassword":  "",
                               "HasModem":  false,
                               "ModemModel":  "",
                               "ModemName":  "",
                               "ModemSN":  ""
                           },
        "HasBackupCircuit":  false,
        "BackupCircuit":  {
                              "Vendor":  null,
                              "CircuitType":  null,
                              "CircuitID":  null,
                              "DownloadSpeed":  null,
                              "UploadSpeed":  null,
                              "IPAddress":  null,
                              "SubnetMask":  null,
                              "DefaultGateway":  null,
                              "DNS1":  null,
                              "DNS2":  null,
                              "RouterModel":  null,
                              "RouterName":  null,
                              "RouterSN":  null,
                              "PPPoEUsername":  null,
                              "PPPoEPassword":  null,
                              "HasModem":  false,
                              "ModemModel":  null,
                              "ModemName":  null,
                              "ModemSN":  null
                          },
        "VLANs":  {
                      "VLAN100_Servers":  "10.103.10.0",
                      "VLAN101_NetworkDevices":  "10.103.20.0",
                      "VLAN102_UserDevices":  "10.103.102.0",
                      "VLAN103_UserDevices2":  "10.103.103.0",
                      "VLAN104_VOIP":  "10.103.40.0",
                      "VLAN105_WiFiCorp":  "10.103.50.0",
                      "VLAN106_WiFiBYOD":  "10.103.60.0",
                      "VLAN107_WiFiGuest":  "10.103.70.0",
                      "VLAN108_Spare":  "10.103.80.0",
                      "VLAN109_DMZ":  "10.103.90.0",
                      "VLAN110_CCTV":  "10.103.110.0"
                  },
        "Switch1IP":  "10.103.20.5",
        "Switch1Name":  "CRCH-SWT-001",
        "PrimaryVendor":  "ROGERS",
        "PrimaryCircuitIP":  "99.208.59.90",
        "PrimaryDownloadSpeed":  "300",
        "PrimaryUploadSpeed":  "30",
        "BackupVendor":  "",
        "BackupCircuitIP":  "",
        "BackupDownloadSpeed":  "",
        "BackupUploadSpeed":  ""
    },
    {
        "ID":  4,
        "SiteCode":  "CPCC",
        "SiteSubnet":  "10.104.0.0",
        "SiteSubnetCode":  "104",
        "SiteName":  "Civic",
        "SiteAddress":  "425 Cecelia Street, Pembroke ON, K8A 1S7",
        "MainContactName":  "",
        "MainContactPhone":  "",
        "SecondContactName":  "",
        "SecondContactPhone":  "",
        "MainContactPhoneFormatted":  "",
        "SecondContactPhoneFormatted":  "",
        "SwitchCount":  1,
        "Switches":  [
                         {
                             "ManagementIP":  "192.168.131.0",
                             "Name":  "CPCC-SWT-001",
                             "AssetTag":  "",
                             "Version":  "",
                             "SerialNumber":  ""
                         }
                     ],
        "APCount":  1,
        "AccessPoints":  [
                             {
                                 "ManagementIP":  "",
                                 "Name":  "",
                                 "AssetTag":  "",
                                 "Version":  "",
                                 "SerialNumber":  ""
                             }
                         ],
        "UPSCount":  0,
        "UPSDevices":  [

                       ],
        "CCTVCount":  0,
        "CCTVDevices":  [

                        ],
        "FirewallIP":  "10.104.20.1",
        "FirewallName":  "CPCC-FW",
        "FirewallVersion":  "",
        "FirewallSN":  "",
        "PrimaryCircuit":  {
                               "Vendor":  "",
                               "CircuitType":  "",
                               "CircuitID":  "",
                               "DownloadSpeed":  "",
                               "UploadSpeed":  "",
                               "IPAddress":  "",
                               "SubnetMask":  "",
                               "DefaultGateway":  "",
                               "DNS1":  "",
                               "DNS2":  "",
                               "RouterModel":  "",
                               "RouterName":  "",
                               "RouterSN":  "",
                               "PPPoEUsername":  "",
                               "PPPoEPassword":  "",
                               "HasModem":  false,
                               "ModemModel":  "",
                               "ModemName":  "",
                               "ModemSN":  ""
                           },
        "HasBackupCircuit":  false,
        "BackupCircuit":  {
                              "Vendor":  null,
                              "CircuitType":  null,
                              "CircuitID":  null,
                              "DownloadSpeed":  null,
                              "UploadSpeed":  null,
                              "IPAddress":  null,
                              "SubnetMask":  null,
                              "DefaultGateway":  null,
                              "DNS1":  null,
                              "DNS2":  null,
                              "RouterModel":  null,
                              "RouterName":  null,
                              "RouterSN":  null,
                              "PPPoEUsername":  null,
                              "PPPoEPassword":  null,
                              "HasModem":  false,
                              "ModemModel":  null,
                              "ModemName":  null,
                              "ModemSN":  null
                          },
        "VLANs":  {
                      "VLAN100_Servers":  "10.104.10.0",
                      "VLAN101_NetworkDevices":  "10.104.20.0",
                      "VLAN102_UserDevices":  "10.104.102.0",
                      "VLAN103_UserDevices2":  "10.104.103.0",
                      "VLAN104_VOIP":  "10.104.40.0",
                      "VLAN105_WiFiCorp":  "10.104.50.0",
                      "VLAN106_WiFiBYOD":  "10.104.60.0",
                      "VLAN107_WiFiGuest":  "10.104.70.0",
                      "VLAN108_Spare":  "10.104.80.0",
                      "VLAN109_DMZ":  "10.104.90.0",
                      "VLAN110_CCTV":  "10.104.110.0"
                  },
        "Switch1IP":  "192.168.131.0",
        "Switch1Name":  "CPCC-SWT-001",
        "PrimaryVendor":  "",
        "PrimaryCircuitIP":  "",
        "PrimaryDownloadSpeed":  "",
        "PrimaryUploadSpeed":  "",
        "BackupVendor":  "",
        "BackupCircuitIP":  "",
        "BackupDownloadSpeed":  "",
        "BackupUploadSpeed":  ""
    },
    {
        "ID":  5,
        "SiteCode":  "CMAK",
        "SiteSubnet":  "10.105.0.0",
        "SiteSubnetCode":  "105",
        "SiteName":  "Mackay",
        "SiteAddress":  "700 Mackey Street, Pembroke ON, K8A 1G6",
        "MainContactName":  "",
        "MainContactPhone":  "",
        "SecondContactName":  "",
        "SecondContactPhone":  "",
        "MainContactPhoneFormatted":  "",
        "SecondContactPhoneFormatted":  "",
        "SwitchCount":  2,
        "Switches":  [
                         {
                             "ManagementIP":  "10.105.20.5",
                             "Name":  "CMAK-SWT-001",
                             "AssetTag":  "",
                             "Version":  "",
                             "SerialNumber":  ""
                         },
                         {
                             "ManagementIP":  "10.105.20.6",
                             "Name":  "CMAK-SWT-002",
                             "AssetTag":  "",
                             "Version":  "",
                             "SerialNumber":  ""
                         }
                     ],
        "APCount":  1,
        "AccessPoints":  [
                             {
                                 "ManagementIP":  "",
                                 "Name":  "",
                                 "AssetTag":  "",
                                 "Version":  "",
                                 "SerialNumber":  ""
                             }
                         ],
        "UPSCount":  0,
        "UPSDevices":  [

                       ],
        "CCTVCount":  0,
        "CCTVDevices":  [

                        ],
        "FirewallIP":  "10.105.20.1",
        "FirewallName":  "CMAK-FW",
        "FirewallVersion":  "",
        "FirewallSN":  "",
        "PrimaryCircuit":  {
                               "Vendor":  "NRTC",
                               "CircuitType":  "GPON Fiber",
                               "CircuitID":  "999-100-1749",
                               "DownloadSpeed":  "1000",
                               "UploadSpeed":  "1000",
                               "IPAddress":  "45.62.89.124",
                               "SubnetMask":  "",
                               "DefaultGateway":  "",
                               "DNS1":  "",
                               "DNS2":  "",
                               "RouterModel":  "",
                               "RouterName":  "",
                               "RouterSN":  "",
                               "PPPoEUsername":  "nr89622991",
                               "PPPoEPassword":  "700mackay",
                               "HasModem":  false,
                               "ModemModel":  "",
                               "ModemName":  "",
                               "ModemSN":  ""
                           },
        "HasBackupCircuit":  true,
        "BackupCircuit":  {
                              "Vendor":  "COGECO",
                              "CircuitType":  "Cable",
                              "CircuitID":  "",
                              "DownloadSpeed":  "360",
                              "UploadSpeed":  "30",
                              "IPAddress":  "24.143.186.178",
                              "SubnetMask":  "255.255.255.252",
                              "DefaultGateway":  "24.143.186.177",
                              "DNS1":  "",
                              "DNS2":  "",
                              "RouterModel":  "",
                              "RouterName":  "",
                              "RouterSN":  "",
                              "PPPoEUsername":  "",
                              "PPPoEPassword":  "",
                              "HasModem":  false,
                              "ModemModel":  "",
                              "ModemName":  "",
                              "ModemSN":  ""
                          },
        "VLANs":  {
                      "VLAN100_Servers":  "10.105.10.0",
                      "VLAN101_NetworkDevices":  "10.105.20.0",
                      "VLAN102_UserDevices":  "10.105.102.0",
                      "VLAN103_UserDevices2":  "10.105.103.0",
                      "VLAN104_VOIP":  "10.105.40.0",
                      "VLAN105_WiFiCorp":  "10.105.50.0",
                      "VLAN106_WiFiBYOD":  "10.105.60.0",
                      "VLAN107_WiFiGuest":  "10.105.70.0",
                      "VLAN108_Spare":  "10.105.80.0",
                      "VLAN109_DMZ":  "10.105.90.0",
                      "VLAN110_CCTV":  "10.105.110.0"
                  },
        "Switch1IP":  "10.105.20.5",
        "Switch1Name":  "CMAK-SWT-001",
        "PrimaryVendor":  "NRTC",
        "PrimaryCircuitIP":  "45.62.89.124",
        "PrimaryDownloadSpeed":  "1000",
        "PrimaryUploadSpeed":  "1000",
        "BackupVendor":  "COGECO",
        "BackupCircuitIP":  "24.143.186.178",
        "BackupDownloadSpeed":  "360",
        "BackupUploadSpeed":  "30"
    },
    {
        "ID":  6,
        "SiteCode":  "CAMI",
        "SiteSubnet":  "10.106.0.0",
        "SiteSubnetCode":  "106",
        "SiteName":  "Amelia",
        "SiteAddress":  "205 Amelia Street, Cornwall ON, K6H 3P3 Suite #100",
        "MainContactName":  "Jennifer Lauzon",
        "MainContactPhone":  "6138615306",
        "SecondContactName":  "",
        "SecondContactPhone":  "",
        "MainContactPhoneFormatted":  "+1 (613) 861-5306",
        "SecondContactPhoneFormatted":  "",
        "SwitchCount":  3,
        "Switches":  [
                         {
                             "ManagementIP":  "192.168.141.0",
                             "Name":  "CAMI-SWT-001",
                             "AssetTag":  "",
                             "Version":  "",
                             "SerialNumber":  ""
                         },
                         {
                             "ManagementIP":  "192.168.141.0",
                             "Name":  "CAMI-SWT-002",
                             "AssetTag":  "",
                             "Version":  "",
                             "SerialNumber":  ""
                         },
                         {
                             "ManagementIP":  "192.168.141.0",
                             "Name":  "CAMI-SWT-003",
                             "AssetTag":  "",
                             "Version":  "",
                             "SerialNumber":  ""
                         }
                     ],
        "APCount":  1,
        "AccessPoints":  [
                             {
                                 "ManagementIP":  "",
                                 "Name":  "",
                                 "AssetTag":  "",
                                 "Version":  "",
                                 "SerialNumber":  ""
                             }
                         ],
        "UPSCount":  0,
        "UPSDevices":  [

                       ],
        "CCTVCount":  0,
        "CCTVDevices":  [

                        ],
        "FirewallIP":  "10.106.20.1",
        "FirewallName":  "CAMI-FW",
        "FirewallVersion":  "",
        "FirewallSN":  "",
        "PrimaryCircuit":  {
                               "Vendor":  "",
                               "CircuitType":  "",
                               "CircuitID":  "",
                               "DownloadSpeed":  "",
                               "UploadSpeed":  "",
                               "IPAddress":  "",
                               "SubnetMask":  "",
                               "DefaultGateway":  "",
                               "DNS1":  "",
                               "DNS2":  "",
                               "RouterModel":  "",
                               "RouterName":  "",
                               "RouterSN":  "",
                               "PPPoEUsername":  "",
                               "PPPoEPassword":  "",
                               "HasModem":  false,
                               "ModemModel":  "",
                               "ModemName":  "",
                               "ModemSN":  ""
                           },
        "HasBackupCircuit":  false,
        "BackupCircuit":  {
                              "Vendor":  null,
                              "CircuitType":  null,
                              "CircuitID":  null,
                              "DownloadSpeed":  null,
                              "UploadSpeed":  null,
                              "IPAddress":  null,
                              "SubnetMask":  null,
                              "DefaultGateway":  null,
                              "DNS1":  null,
                              "DNS2":  null,
                              "RouterModel":  null,
                              "RouterName":  null,
                              "RouterSN":  null,
                              "PPPoEUsername":  null,
                              "PPPoEPassword":  null,
                              "HasModem":  false,
                              "ModemModel":  null,
                              "ModemName":  null,
                              "ModemSN":  null
                          },
        "VLANs":  {
                      "VLAN100_Servers":  "10.106.10.0",
                      "VLAN101_NetworkDevices":  "10.106.20.0",
                      "VLAN102_UserDevices":  "10.106.102.0",
                      "VLAN103_UserDevices2":  "10.106.103.0",
                      "VLAN104_VOIP":  "10.106.40.0",
                      "VLAN105_WiFiCorp":  "10.106.50.0",
                      "VLAN106_WiFiBYOD":  "10.106.60.0",
                      "VLAN107_WiFiGuest":  "10.106.70.0",
                      "VLAN108_Spare":  "10.106.80.0",
                      "VLAN109_DMZ":  "10.106.90.0",
                      "VLAN110_CCTV":  "10.106.110.0"
                  },
        "Switch1IP":  "192.168.141.0",
        "Switch1Name":  "CAMI-SWT-001",
        "PrimaryVendor":  "",
        "PrimaryCircuitIP":  "",
        "PrimaryDownloadSpeed":  "",
        "PrimaryUploadSpeed":  "",
        "BackupVendor":  "",
        "BackupCircuitIP":  "",
        "BackupDownloadSpeed":  "",
        "BackupUploadSpeed":  ""
    },
    {
        "ID":  7,
        "SiteCode":  "CSSW",
        "SiteSubnet":  "10.107.0.0",
        "SiteSubnetCode":  "107",
        "SiteName":  "Hospice",
        "SiteAddress":  "1507 Second Street West, Cornwall ON, K6J 1J5",
        "MainContactName":  "Angela Labelle",
        "MainContactPhone":  "6133635829",
        "SecondContactName":  "",
        "SecondContactPhone":  "",
        "MainContactPhoneFormatted":  "+1 (613) 363-5829",
        "SecondContactPhoneFormatted":  "",
        "SwitchCount":  2,
        "Switches":  [
                         {
                             "ManagementIP":  "10.107.20.5",
                             "Name":  "CSSW-SWT-001",
                             "AssetTag":  "",
                             "Version":  "",
                             "SerialNumber":  ""
                         },
                         {
                             "ManagementIP":  "10.107.20.6",
                             "Name":  "CSSW-SWT-002",
                             "AssetTag":  "",
                             "Version":  "",
                             "SerialNumber":  ""
                         }
                     ],
        "APCount":  1,
        "AccessPoints":  [
                             {
                                 "ManagementIP":  "",
                                 "Name":  "",
                                 "AssetTag":  "",
                                 "Version":  "",
                                 "SerialNumber":  ""
                             }
                         ],
        "UPSCount":  0,
        "UPSDevices":  [

                       ],
        "CCTVCount":  0,
        "CCTVDevices":  [

                        ],
        "FirewallIP":  "10.107.20.1",
        "FirewallName":  "CSSW-FW",
        "FirewallVersion":  "",
        "FirewallSN":  "",
        "PrimaryCircuit":  {
                               "Vendor":  "BELL",
                               "CircuitType":  "Fiber",
                               "CircuitID":  "05FIAJ800697-679BLCA-A00",
                               "DownloadSpeed":  "100",
                               "UploadSpeed":  "100",
                               "IPAddress":  "67.21.156.222",
                               "SubnetMask":  "255.255.255.252",
                               "DefaultGateway":  "67.21.156.221",
                               "DNS1":  "",
                               "DNS2":  "",
                               "RouterModel":  "",
                               "RouterName":  "",
                               "RouterSN":  "",
                               "PPPoEUsername":  "",
                               "PPPoEPassword":  "",
                               "HasModem":  false,
                               "ModemModel":  "",
                               "ModemName":  "",
                               "ModemSN":  ""
                           },
        "HasBackupCircuit":  true,
        "BackupCircuit":  {
                              "Vendor":  "COGECO",
                              "CircuitType":  "Cable",
                              "CircuitID":  "",
                              "DownloadSpeed":  "360",
                              "UploadSpeed":  "30",
                              "IPAddress":  "72.38.101.74",
                              "SubnetMask":  "255.255.255.252",
                              "DefaultGateway":  "72.38.101.73",
                              "DNS1":  "209.15.165.152",
                              "DNS2":  "209.15.165.153",
                              "RouterModel":  "EX2300-24P",
                              "RouterName":  "Juniper L3",
                              "RouterSN":  "JY3619380350",
                              "PPPoEUsername":  "",
                              "PPPoEPassword":  "",
                              "HasModem":  true,
                              "ModemModel":  "CODA-45",
                              "ModemName":  "Hitron",
                              "ModemSN":  "V5020A004046"
                          },
        "VLANs":  {
                      "VLAN100_Servers":  "10.107.10.0",
                      "VLAN101_NetworkDevices":  "10.107.20.0",
                      "VLAN102_UserDevices":  "10.107.102.0",
                      "VLAN103_UserDevices2":  "10.107.103.0",
                      "VLAN104_VOIP":  "10.107.40.0",
                      "VLAN105_WiFiCorp":  "10.107.50.0",
                      "VLAN106_WiFiBYOD":  "10.107.60.0",
                      "VLAN107_WiFiGuest":  "10.107.70.0",
                      "VLAN108_Spare":  "10.107.80.0",
                      "VLAN109_DMZ":  "10.107.90.0",
                      "VLAN110_CCTV":  "10.107.110.0"
                  },
        "Switch1IP":  "10.107.20.5",
        "Switch1Name":  "CSSW-SWT-001",
        "PrimaryVendor":  "BELL",
        "PrimaryCircuitIP":  "67.21.156.222",
        "PrimaryDownloadSpeed":  "100",
        "PrimaryUploadSpeed":  "100",
        "BackupVendor":  "COGECO",
        "BackupCircuitIP":  "72.38.101.74",
        "BackupDownloadSpeed":  "360",
        "BackupUploadSpeed":  "30"
    },
    {
        "ID":  8,
        "SiteCode":  "C4TH",
        "SiteSubnet":  "10.108.0.0",
        "SiteSubnetCode":  "108",
        "SiteName":  "Supportive Housing",
        "SiteAddress":  "330 4th St, Cornwall ON Unit #105",
        "MainContactName":  "Jennifer-Lynn Lalonde",
        "MainContactPhone":  "6133639368",
        "SecondContactName":  "",
        "SecondContactPhone":  "",
        "MainContactPhoneFormatted":  "+1 (613) 363-9368",
        "SecondContactPhoneFormatted":  "",
        "SwitchCount":  1,
        "Switches":  [
                         {
                             "ManagementIP":  "192.168.91.0",
                             "Name":  "C4TH-SWT-001",
                             "AssetTag":  "",
                             "Version":  "",
                             "SerialNumber":  ""
                         }
                     ],
        "APCount":  1,
        "AccessPoints":  [
                             {
                                 "ManagementIP":  "",
                                 "Name":  "",
                                 "AssetTag":  "",
                                 "Version":  "",
                                 "SerialNumber":  ""
                             }
                         ],
        "UPSCount":  0,
        "UPSDevices":  [

                       ],
        "CCTVCount":  0,
        "CCTVDevices":  [

                        ],
        "FirewallIP":  "10.108.20.1",
        "FirewallName":  "C4TH-FW",
        "FirewallVersion":  "",
        "FirewallSN":  "",
        "PrimaryCircuit":  {
                               "Vendor":  "BELL",
                               "CircuitType":  "GPON Fiber",
                               "CircuitID":  "",
                               "DownloadSpeed":  "150",
                               "UploadSpeed":  "150",
                               "IPAddress":  "216.126.91.74",
                               "SubnetMask":  "",
                               "DefaultGateway":  "",
                               "DNS1":  "",
                               "DNS2":  "",
                               "RouterModel":  "OV978WAX",
                               "RouterName":  "OvisLink",
                               "RouterSN":  "BR22503000218",
                               "PPPoEUsername":  "care4health-4thst@frontiernet04.net",
                               "PPPoEPassword":  "0pT19t3Ch",
                               "HasModem":  false,
                               "ModemModel":  "",
                               "ModemName":  "",
                               "ModemSN":  ""
                           },
        "HasBackupCircuit":  false,
        "BackupCircuit":  {
                              "Vendor":  null,
                              "CircuitType":  null,
                              "CircuitID":  null,
                              "DownloadSpeed":  null,
                              "UploadSpeed":  null,
                              "IPAddress":  null,
                              "SubnetMask":  null,
                              "DefaultGateway":  null,
                              "DNS1":  null,
                              "DNS2":  null,
                              "RouterModel":  null,
                              "RouterName":  null,
                              "RouterSN":  null,
                              "PPPoEUsername":  null,
                              "PPPoEPassword":  null,
                              "HasModem":  false,
                              "ModemModel":  null,
                              "ModemName":  null,
                              "ModemSN":  null
                          },
        "VLANs":  {
                      "VLAN100_Servers":  "10.108.10.0",
                      "VLAN101_NetworkDevices":  "10.108.20.0",
                      "VLAN102_UserDevices":  "10.108.102.0",
                      "VLAN103_UserDevices2":  "10.108.103.0",
                      "VLAN104_VOIP":  "10.108.40.0",
                      "VLAN105_WiFiCorp":  "10.108.50.0",
                      "VLAN106_WiFiBYOD":  "10.108.60.0",
                      "VLAN107_WiFiGuest":  "10.108.70.0",
                      "VLAN108_Spare":  "10.108.80.0",
                      "VLAN109_DMZ":  "10.108.90.0",
                      "VLAN110_CCTV":  "10.108.110.0"
                  },
        "Switch1IP":  "192.168.91.0",
        "Switch1Name":  "C4TH-SWT-001",
        "PrimaryVendor":  "BELL",
        "PrimaryCircuitIP":  "216.126.91.74",
        "PrimaryDownloadSpeed":  "150",
        "PrimaryUploadSpeed":  "150",
        "BackupVendor":  "",
        "BackupCircuitIP":  "",
        "BackupDownloadSpeed":  "",
        "BackupUploadSpeed":  ""
    },
    {
        "ID":  9,
        "SiteCode":  "CELG",
        "SiteSubnet":  "10.109.0.0",
        "SiteSubnetCode":  "109",
        "SiteName":  "Alexandria",
        "SiteAddress":  "48 Elgin Street East, Alexandria ON, K0C 1A0",
        "MainContactName":  "Jackie Lalonde",
        "MainContactPhone":  "6134043735",
        "SecondContactName":  "",
        "SecondContactPhone":  "",
        "MainContactPhoneFormatted":  "+1 (613) 404-3735",
        "SecondContactPhoneFormatted":  "",
        "SwitchCount":  1,
        "Switches":  [
                         {
                             "ManagementIP":  "192.168.161.0",
                             "Name":  "CELG-SWT-001",
                             "AssetTag":  "",
                             "Version":  "",
                             "SerialNumber":  ""
                         }
                     ],
        "APCount":  1,
        "AccessPoints":  [
                             {
                                 "ManagementIP":  "",
                                 "Name":  "",
                                 "AssetTag":  "",
                                 "Version":  "",
                                 "SerialNumber":  ""
                             }
                         ],
        "UPSCount":  0,
        "UPSDevices":  [

                       ],
        "CCTVCount":  0,
        "CCTVDevices":  [

                        ],
        "FirewallIP":  "10.109.20.1",
        "FirewallName":  "CELG-FW",
        "FirewallVersion":  "",
        "FirewallSN":  "",
        "PrimaryCircuit":  {
                               "Vendor":  "BELL",
                               "CircuitType":  "GPON Fiber",
                               "CircuitID":  "613-525-4878",
                               "DownloadSpeed":  "150",
                               "UploadSpeed":  "150",
                               "IPAddress":  "216.126.91.72",
                               "SubnetMask":  "",
                               "DefaultGateway":  "",
                               "DNS1":  "",
                               "DNS2":  "",
                               "RouterModel":  "OV978WAX",
                               "RouterName":  "OvisLink",
                               "RouterSN":  "BR22503000177",
                               "PPPoEUsername":  "care4health-alex@frontiernet04.net",
                               "PPPoEPassword":  "0pT19t3Ch",
                               "HasModem":  false,
                               "ModemModel":  "",
                               "ModemName":  "",
                               "ModemSN":  ""
                           },
        "HasBackupCircuit":  true,
        "BackupCircuit":  {
                              "Vendor":  "EastLink",
                              "CircuitType":  "Cable",
                              "CircuitID":  "8127461580047640",
                              "DownloadSpeed":  "100",
                              "UploadSpeed":  "10",
                              "IPAddress":  "216.167.248.98",
                              "SubnetMask":  "255.255.255.252",
                              "DefaultGateway":  "216.167.248.97",
                              "DNS1":  "",
                              "DNS2":  "",
                              "RouterModel":  "Hitron",
                              "RouterName":  "CODA-45",
                              "RouterSN":  "251185095169",
                              "PPPoEUsername":  "",
                              "PPPoEPassword":  "",
                              "HasModem":  false,
                              "ModemModel":  "",
                              "ModemName":  "",
                              "ModemSN":  ""
                          },
        "VLANs":  {
                      "VLAN100_Servers":  "10.109.10.0",
                      "VLAN101_NetworkDevices":  "10.109.20.0",
                      "VLAN102_UserDevices":  "10.109.102.0",
                      "VLAN103_UserDevices2":  "10.109.103.0",
                      "VLAN104_VOIP":  "10.109.40.0",
                      "VLAN105_WiFiCorp":  "10.109.50.0",
                      "VLAN106_WiFiBYOD":  "10.109.60.0",
                      "VLAN107_WiFiGuest":  "10.109.70.0",
                      "VLAN108_Spare":  "10.109.80.0",
                      "VLAN109_DMZ":  "10.109.90.0",
                      "VLAN110_CCTV":  "10.109.110.0"
                  },
        "Switch1IP":  "192.168.161.0",
        "Switch1Name":  "CELG-SWT-001",
        "PrimaryVendor":  "BELL",
        "PrimaryCircuitIP":  "216.126.91.72",
        "PrimaryDownloadSpeed":  "150",
        "PrimaryUploadSpeed":  "150",
        "BackupVendor":  "EastLink",
        "BackupCircuitIP":  "216.167.248.98",
        "BackupDownloadSpeed":  "100",
        "BackupUploadSpeed":  "10"
    },
    {
        "ID":  10,
        "SiteCode":  "CNEL",
        "SiteSubnet":  "10.110.0.0",
        "SiteSubnetCode":  "110",
        "SiteName":  "Finch",
        "SiteAddress":  "6 Nelson Street, Finch ON, K0C 1K0",
        "MainContactName":  "Michele Morgan",
        "MainContactPhone":  "6138614552",
        "SecondContactName":  "",
        "SecondContactPhone":  "",
        "MainContactPhoneFormatted":  "+1 (613) 861-4552",
        "SecondContactPhoneFormatted":  "",
        "SwitchCount":  1,
        "Switches":  [
                         {
                             "ManagementIP":  "192.168.171.0",
                             "Name":  "CNEL-SWT-001",
                             "AssetTag":  "",
                             "Version":  "",
                             "SerialNumber":  ""
                         }
                     ],
        "APCount":  1,
        "AccessPoints":  [
                             {
                                 "ManagementIP":  "",
                                 "Name":  "",
                                 "AssetTag":  "",
                                 "Version":  "",
                                 "SerialNumber":  ""
                             }
                         ],
        "UPSCount":  0,
        "UPSDevices":  [

                       ],
        "CCTVCount":  0,
        "CCTVDevices":  [

                        ],
        "FirewallIP":  "10.110.20.1",
        "FirewallName":  "CNEL-FW",
        "FirewallVersion":  "",
        "FirewallSN":  "",
        "PrimaryCircuit":  {
                               "Vendor":  "",
                               "CircuitType":  "",
                               "CircuitID":  "",
                               "DownloadSpeed":  "",
                               "UploadSpeed":  "",
                               "IPAddress":  "",
                               "SubnetMask":  "",
                               "DefaultGateway":  "",
                               "DNS1":  "",
                               "DNS2":  "",
                               "RouterModel":  "",
                               "RouterName":  "",
                               "RouterSN":  "",
                               "PPPoEUsername":  "",
                               "PPPoEPassword":  "",
                               "HasModem":  false,
                               "ModemModel":  "",
                               "ModemName":  "",
                               "ModemSN":  ""
                           },
        "HasBackupCircuit":  false,
        "BackupCircuit":  {
                              "Vendor":  null,
                              "CircuitType":  null,
                              "CircuitID":  null,
                              "DownloadSpeed":  null,
                              "UploadSpeed":  null,
                              "IPAddress":  null,
                              "SubnetMask":  null,
                              "DefaultGateway":  null,
                              "DNS1":  null,
                              "DNS2":  null,
                              "RouterModel":  null,
                              "RouterName":  null,
                              "RouterSN":  null,
                              "PPPoEUsername":  null,
                              "PPPoEPassword":  null,
                              "HasModem":  false,
                              "ModemModel":  null,
                              "ModemName":  null,
                              "ModemSN":  null
                          },
        "VLANs":  {
                      "VLAN100_Servers":  "10.110.10.0",
                      "VLAN101_NetworkDevices":  "10.110.20.0",
                      "VLAN102_UserDevices":  "10.110.102.0",
                      "VLAN103_UserDevices2":  "10.110.103.0",
                      "VLAN104_VOIP":  "10.110.40.0",
                      "VLAN105_WiFiCorp":  "10.110.50.0",
                      "VLAN106_WiFiBYOD":  "10.110.60.0",
                      "VLAN107_WiFiGuest":  "10.110.70.0",
                      "VLAN108_Spare":  "10.110.80.0",
                      "VLAN109_DMZ":  "10.110.90.0",
                      "VLAN110_CCTV":  "10.110.110.0"
                  },
        "Switch1IP":  "192.168.171.0",
        "Switch1Name":  "CNEL-SWT-001",
        "PrimaryVendor":  "",
        "PrimaryCircuitIP":  "",
        "PrimaryDownloadSpeed":  "",
        "PrimaryUploadSpeed":  "",
        "BackupVendor":  "",
        "BackupCircuitIP":  "",
        "BackupDownloadSpeed":  "",
        "BackupUploadSpeed":  ""
    },
    {
        "ID":  11,
        "SiteCode":  "CALB",
        "SiteSubnet":  "10.111.0.0",
        "SiteSubnetCode":  "111",
        "SiteName":  "Winchester",
        "SiteAddress":  "517A Albert Street, Winchester ON, K0C 2K0",
        "MainContactName":  "Sheena Stoqua",
        "MainContactPhone":  "6137746109",
        "SecondContactName":  "",
        "SecondContactPhone":  "",
        "MainContactPhoneFormatted":  "+1 (613) 774-6109",
        "SecondContactPhoneFormatted":  "",
        "SwitchCount":  1,
        "Switches":  [
                         {
                             "ManagementIP":  "192.168.181.0",
                             "Name":  "CALB-SWT-001",
                             "AssetTag":  "",
                             "Version":  "",
                             "SerialNumber":  ""
                         }
                     ],
        "APCount":  1,
        "AccessPoints":  [
                             {
                                 "ManagementIP":  "",
                                 "Name":  "",
                                 "AssetTag":  "",
                                 "Version":  "",
                                 "SerialNumber":  ""
                             }
                         ],
        "UPSCount":  0,
        "UPSDevices":  [

                       ],
        "CCTVCount":  0,
        "CCTVDevices":  [

                        ],
        "FirewallIP":  "10.111.20.1",
        "FirewallName":  "CALB-FW",
        "FirewallVersion":  "",
        "FirewallSN":  "",
        "PrimaryCircuit":  {
                               "Vendor":  "EastLink",
                               "CircuitType":  "Cable",
                               "CircuitID":  "8127461510028199",
                               "DownloadSpeed":  "100",
                               "UploadSpeed":  "10",
                               "IPAddress":  "216.167.248.54",
                               "SubnetMask":  "255.255.255.252",
                               "DefaultGateway":  "216.167.248.53",
                               "DNS1":  "",
                               "DNS2":  "",
                               "RouterModel":  "DG3270A",
                               "RouterName":  "Arris",
                               "RouterSN":  "72A2W4335101254",
                               "PPPoEUsername":  "",
                               "PPPoEPassword":  "",
                               "HasModem":  false,
                               "ModemModel":  "",
                               "ModemName":  "",
                               "ModemSN":  ""
                           },
        "HasBackupCircuit":  false,
        "BackupCircuit":  {
                              "Vendor":  null,
                              "CircuitType":  null,
                              "CircuitID":  null,
                              "DownloadSpeed":  null,
                              "UploadSpeed":  null,
                              "IPAddress":  null,
                              "SubnetMask":  null,
                              "DefaultGateway":  null,
                              "DNS1":  null,
                              "DNS2":  null,
                              "RouterModel":  null,
                              "RouterName":  null,
                              "RouterSN":  null,
                              "PPPoEUsername":  null,
                              "PPPoEPassword":  null,
                              "HasModem":  false,
                              "ModemModel":  null,
                              "ModemName":  null,
                              "ModemSN":  null
                          },
        "VLANs":  {
                      "VLAN100_Servers":  "10.111.10.0",
                      "VLAN101_NetworkDevices":  "10.111.20.0",
                      "VLAN102_UserDevices":  "10.111.102.0",
                      "VLAN103_UserDevices2":  "10.111.103.0",
                      "VLAN104_VOIP":  "10.111.40.0",
                      "VLAN105_WiFiCorp":  "10.111.50.0",
                      "VLAN106_WiFiBYOD":  "10.111.60.0",
                      "VLAN107_WiFiGuest":  "10.111.70.0",
                      "VLAN108_Spare":  "10.111.80.0",
                      "VLAN109_DMZ":  "10.111.90.0",
                      "VLAN110_CCTV":  "10.111.110.0"
                  },
        "Switch1IP":  "192.168.181.0",
        "Switch1Name":  "CALB-SWT-001",
        "PrimaryVendor":  "EastLink",
        "PrimaryCircuitIP":  "216.167.248.54",
        "PrimaryDownloadSpeed":  "100",
        "PrimaryUploadSpeed":  "10",
        "BackupVendor":  "",
        "BackupCircuitIP":  "",
        "BackupDownloadSpeed":  "",
        "BackupUploadSpeed":  ""
    },
    {
        "ID":  12,
        "SiteCode":  "CVIC",
        "SiteSubnet":  "10.112.0.0",
        "SiteSubnetCode":  "112",
        "SiteName":  "Lancaster",
        "SiteAddress":  "20 Victoria Street, Lancaster ON, K0C 1N0",
        "MainContactName":  "Tina Castonguay",
        "MainContactPhone":  "6133631984",
        "SecondContactName":  "",
        "SecondContactPhone":  "",
        "MainContactPhoneFormatted":  "+1 (613) 363-1984",
        "SecondContactPhoneFormatted":  "",
        "SwitchCount":  1,
        "Switches":  [
                         {
                             "ManagementIP":  "192.168.201.0",
                             "Name":  "CVIC-SWT-001",
                             "AssetTag":  "",
                             "Version":  "",
                             "SerialNumber":  ""
                         }
                     ],
        "APCount":  1,
        "AccessPoints":  [
                             {
                                 "ManagementIP":  "",
                                 "Name":  "",
                                 "AssetTag":  "",
                                 "Version":  "",
                                 "SerialNumber":  ""
                             }
                         ],
        "UPSCount":  0,
        "UPSDevices":  [

                       ],
        "CCTVCount":  0,
        "CCTVDevices":  [

                        ],
        "FirewallIP":  "10.112.20.1",
        "FirewallName":  "CVIC-FW",
        "FirewallVersion":  "",
        "FirewallSN":  "",
        "PrimaryCircuit":  {
                               "Vendor":  "",
                               "CircuitType":  "",
                               "CircuitID":  "",
                               "DownloadSpeed":  "",
                               "UploadSpeed":  "",
                               "IPAddress":  "",
                               "SubnetMask":  "",
                               "DefaultGateway":  "",
                               "DNS1":  "",
                               "DNS2":  "",
                               "RouterModel":  "",
                               "RouterName":  "",
                               "RouterSN":  "",
                               "PPPoEUsername":  "",
                               "PPPoEPassword":  "",
                               "HasModem":  false,
                               "ModemModel":  "",
                               "ModemName":  "",
                               "ModemSN":  ""
                           },
        "HasBackupCircuit":  false,
        "BackupCircuit":  {
                              "Vendor":  null,
                              "CircuitType":  null,
                              "CircuitID":  null,
                              "DownloadSpeed":  null,
                              "UploadSpeed":  null,
                              "IPAddress":  null,
                              "SubnetMask":  null,
                              "DefaultGateway":  null,
                              "DNS1":  null,
                              "DNS2":  null,
                              "RouterModel":  null,
                              "RouterName":  null,
                              "RouterSN":  null,
                              "PPPoEUsername":  null,
                              "PPPoEPassword":  null,
                              "HasModem":  false,
                              "ModemModel":  null,
                              "ModemName":  null,
                              "ModemSN":  null
                          },
        "VLANs":  {
                      "VLAN100_Servers":  "10.112.10.0",
                      "VLAN101_NetworkDevices":  "10.112.20.0",
                      "VLAN102_UserDevices":  "10.112.102.0",
                      "VLAN103_UserDevices2":  "10.112.103.0",
                      "VLAN104_VOIP":  "10.112.40.0",
                      "VLAN105_WiFiCorp":  "10.112.50.0",
                      "VLAN106_WiFiBYOD":  "10.112.60.0",
                      "VLAN107_WiFiGuest":  "10.112.70.0",
                      "VLAN108_Spare":  "10.112.80.0",
                      "VLAN109_DMZ":  "10.112.90.0",
                      "VLAN110_CCTV":  "10.112.110.0"
                  },
        "Switch1IP":  "192.168.201.0",
        "Switch1Name":  "CVIC-SWT-001",
        "PrimaryVendor":  "",
        "PrimaryCircuitIP":  "",
        "PrimaryDownloadSpeed":  "",
        "PrimaryUploadSpeed":  "",
        "BackupVendor":  "",
        "BackupCircuitIP":  "",
        "BackupDownloadSpeed":  "",
        "BackupUploadSpeed":  ""
    },
    {
        "ID":  13,
        "SiteCode":  "CMEM",
        "SiteSubnet":  "10.113.0.0",
        "SiteSubnetCode":  "113",
        "SiteName":  "Ingleside",
        "SiteAddress":  "34 Memorial Square, Ingleside ON, K0C 1M0",
        "MainContactName":  "Michele Morgan",
        "MainContactPhone":  "6138614552",
        "SecondContactName":  "",
        "SecondContactPhone":  "",
        "MainContactPhoneFormatted":  "+1 (613) 861-4552",
        "SecondContactPhoneFormatted":  "",
        "SwitchCount":  1,
        "Switches":  [
                         {
                             "ManagementIP":  "192.168.211.0",
                             "Name":  "CMEM-SWT-001",
                             "AssetTag":  "",
                             "Version":  "",
                             "SerialNumber":  ""
                         }
                     ],
        "APCount":  1,
        "AccessPoints":  [
                             {
                                 "ManagementIP":  "",
                                 "Name":  "",
                                 "AssetTag":  "",
                                 "Version":  "",
                                 "SerialNumber":  ""
                             }
                         ],
        "UPSCount":  0,
        "UPSDevices":  [

                       ],
        "CCTVCount":  0,
        "CCTVDevices":  [

                        ],
        "FirewallIP":  "10.113.20.1",
        "FirewallName":  "CMEM-FW",
        "FirewallVersion":  "",
        "FirewallSN":  "",
        "PrimaryCircuit":  {
                               "Vendor":  "COGECO",
                               "CircuitType":  "Cable",
                               "CircuitID":  "",
                               "DownloadSpeed":  "360",
                               "UploadSpeed":  "30",
                               "IPAddress":  "72.38.101.82",
                               "SubnetMask":  "",
                               "DefaultGateway":  "72.38.101.81",
                               "DNS1":  "209.15.165.152",
                               "DNS2":  "209.15.165.153",
                               "RouterModel":  "",
                               "RouterName":  "Juniper L3",
                               "RouterSN":  "",
                               "PPPoEUsername":  "",
                               "PPPoEPassword":  "",
                               "HasModem":  true,
                               "ModemModel":  "CODA-45",
                               "ModemName":  "Hitron",
                               "ModemSN":  "B50235030368"
                           },
        "HasBackupCircuit":  false,
        "BackupCircuit":  {
                              "Vendor":  null,
                              "CircuitType":  null,
                              "CircuitID":  null,
                              "DownloadSpeed":  null,
                              "UploadSpeed":  null,
                              "IPAddress":  null,
                              "SubnetMask":  null,
                              "DefaultGateway":  null,
                              "DNS1":  null,
                              "DNS2":  null,
                              "RouterModel":  null,
                              "RouterName":  null,
                              "RouterSN":  null,
                              "PPPoEUsername":  null,
                              "PPPoEPassword":  null,
                              "HasModem":  false,
                              "ModemModel":  null,
                              "ModemName":  null,
                              "ModemSN":  null
                          },
        "VLANs":  {
                      "VLAN100_Servers":  "10.113.10.0",
                      "VLAN101_NetworkDevices":  "10.113.20.0",
                      "VLAN102_UserDevices":  "10.113.102.0",
                      "VLAN103_UserDevices2":  "10.113.103.0",
                      "VLAN104_VOIP":  "10.113.40.0",
                      "VLAN105_WiFiCorp":  "10.113.50.0",
                      "VLAN106_WiFiBYOD":  "10.113.60.0",
                      "VLAN107_WiFiGuest":  "10.113.70.0",
                      "VLAN108_Spare":  "10.113.80.0",
                      "VLAN109_DMZ":  "10.113.90.0",
                      "VLAN110_CCTV":  "10.113.110.0"
                  },
        "Switch1IP":  "192.168.211.0",
        "Switch1Name":  "CMEM-SWT-001",
        "PrimaryVendor":  "COGECO",
        "PrimaryCircuitIP":  "72.38.101.82",
        "PrimaryDownloadSpeed":  "360",
        "PrimaryUploadSpeed":  "30",
        "BackupVendor":  "",
        "BackupCircuitIP":  "",
        "BackupDownloadSpeed":  "",
        "BackupUploadSpeed":  ""
    },
    {
        "ID":  14,
        "SiteCode":  "CLAU",
        "SiteSubnet":  "10.114.0.0",
        "SiteSubnetCode":  "114",
        "SiteName":  "Rockland",
        "SiteAddress":  "1026 Laurier Avenue, Rockland ON Suite #107",
        "MainContactName":  "Jennifer-Lynn Lalonde",
        "MainContactPhone":  "6133639368",
        "SecondContactName":  "",
        "SecondContactPhone":  "",
        "MainContactPhoneFormatted":  "+1 (613) 363-9368",
        "SecondContactPhoneFormatted":  "",
        "SwitchCount":  1,
        "Switches":  [
                         {
                             "ManagementIP":  "192.168.81.0",
                             "Name":  "CLAU-SWT-001",
                             "AssetTag":  "",
                             "Version":  "",
                             "SerialNumber":  ""
                         }
                     ],
        "APCount":  0,
        "AccessPoints":  [

                         ],
        "UPSCount":  0,
        "UPSDevices":  [

                       ],
        "CCTVCount":  0,
        "CCTVDevices":  [

                        ],
        "FirewallIP":  "10.114.20.1",
        "FirewallName":  "CLAU-FW",
        "FirewallVersion":  "",
        "FirewallSN":  "",
        "PrimaryCircuit":  {
                               "Vendor":  "VIDEOTRON",
                               "CircuitType":  "Cable",
                               "CircuitID":  "78222317-001-3",
                               "DownloadSpeed":  "400",
                               "UploadSpeed":  "50",
                               "IPAddress":  "24.37.100.78",
                               "SubnetMask":  "255.255.255.252",
                               "DefaultGateway":  "24.37.100.77",
                               "DNS1":  "",
                               "DNS2":  "",
                               "RouterModel":  "ZyXEL",
                               "RouterName":  "EMG2926-Q10A",
                               "RouterSN":  "S180A40002450",
                               "PPPoEUsername":  "VLQARGOI",
                               "PPPoEPassword":  "VLQARGOI1",
                               "HasModem":  true,
                               "ModemModel":  "TC4400-AM",
                               "ModemName":  "Technicolor",
                               "ModemSN":  "CP1912HDEZB"
                           },
        "HasBackupCircuit":  false,
        "BackupCircuit":  {
                              "Vendor":  null,
                              "CircuitType":  null,
                              "CircuitID":  null,
                              "DownloadSpeed":  null,
                              "UploadSpeed":  null,
                              "IPAddress":  null,
                              "SubnetMask":  null,
                              "DefaultGateway":  null,
                              "DNS1":  null,
                              "DNS2":  null,
                              "RouterModel":  null,
                              "RouterName":  null,
                              "RouterSN":  null,
                              "PPPoEUsername":  null,
                              "PPPoEPassword":  null,
                              "HasModem":  false,
                              "ModemModel":  null,
                              "ModemName":  null,
                              "ModemSN":  null
                          },
        "VLANs":  {
                      "VLAN100_Servers":  "10.114.10.0",
                      "VLAN101_NetworkDevices":  "10.114.20.0",
                      "VLAN102_UserDevices":  "10.114.102.0",
                      "VLAN103_UserDevices2":  "10.114.103.0",
                      "VLAN104_VOIP":  "10.114.40.0",
                      "VLAN105_WiFiCorp":  "10.114.50.0",
                      "VLAN106_WiFiBYOD":  "10.114.60.0",
                      "VLAN107_WiFiGuest":  "10.114.70.0",
                      "VLAN108_Spare":  "10.114.80.0",
                      "VLAN109_DMZ":  "10.114.90.0",
                      "VLAN110_CCTV":  "10.114.110.0"
                  },
        "Switch1IP":  "192.168.81.0",
        "Switch1Name":  "CLAU-SWT-001",
        "PrimaryVendor":  "VIDEOTRON",
        "PrimaryCircuitIP":  "24.37.100.78",
        "PrimaryDownloadSpeed":  "400",
        "PrimaryUploadSpeed":  "50",
        "BackupVendor":  "",
        "BackupCircuitIP":  "",
        "BackupDownloadSpeed":  "",
        "BackupUploadSpeed":  ""
    }
]
